run_id,config_id,paper_id,paper_name,paper_type,wrapper_status,run_dir,exit_code,timeout,result_status_prelim,classification,has_stats,explicit_pass,gpu_tot_sim_cycle,gpu_tot_ipc,gpu_tot_sim_insn,paper_mascar_l1_sat_sample,paper_mascar_l1_sat_sample_saturated,paper_mascar_m2_ep_cycles,paper_mascar_m2_mp_cycles,paper_mascar_m2_owner_acquire,paper_mascar_m2_nonowner_mem_block,paper_mascar_m3_hitonly_access_attempt,paper_mascar_m3_hitonly_access_hit,paper_mascar_m3_hitonly_access_nack,paper_mascar_m3_probe_attempt,paper_mascar_m3_probe_hit,paper_mascar_m3_probe_nack,paper_mascar_m3_probe_skip_not_mp,paper_mascar_m3_probe_skip_no_owner,paper_mascar_m3_probe_skip_owner,paper_mascar_m3_probe_skip_nonload,paper_mascar_m3_nonowner_lsu_probe_allowed,paper_mascar_m3_nonowner_lsu_probe_block_nonload,paper_mascar_m3_nack_guard_owner_release,paper_mascar_m3diag_enabled,paper_mascar_m3diag_mem_inst_seen,paper_mascar_m3diag_load_inst_seen,paper_mascar_m3diag_mp_mode_seen,paper_mascar_m3diag_owner_valid_seen,paper_mascar_m3diag_nonowner_load_candidate,paper_mascar_m3diag_scheduler_allow_nonowner_load,paper_mascar_m3diag_scheduler_block_nonowner_mem,paper_mascar_m3diag_lsu_l1d_access_seen,paper_mascar_m3diag_l1d_nonowner_load_seen,paper_mascar_m3diag_hitonly_probe_called,paper_mascar_m3diag_hitonly_probe_hit,paper_mascar_m3diag_hitonly_probe_nack,paper_mascar_m3diag_active_hitonly_access_called,paper_mascar_m3diag_active_hitonly_access_hit,paper_mascar_m3diag_active_hitonly_access_nack,paper_mascar_m3diag_skip_config_off,paper_mascar_m3diag_skip_not_mp,paper_mascar_m3diag_skip_no_owner,paper_mascar_m3diag_skip_owner_warp,paper_mascar_m3diag_skip_not_load,paper_mascar_m3diag_skip_not_l1d,paper_mascar_m3diag_skip_nonowner_hitonly_disabled,paper_mascar_m3diag_skip_not_ready_or_scoreboard,paper_mascar_m3diag_skip_m2_blocked_before_lsu,paper_mascar_m3diag_trace_lines_emitted,paper_mascar_m4_enqueue_success,paper_mascar_m4_retry_attempt,paper_mascar_m4_retry_hit,paper_mascar_m4_retry_nack,paper_mascar_m4_retry_requeue,paper_mascar_m4_queue_occupancy_max,cacheinst_L1D_access_total,cacheinst_L1D_hit,cacheinst_L1D_miss,cacheinst_L1D_reservation_fail,kernel_avg_power,kernel_max_power,kernel_min_power,gpu_tot_avg_power,gpu_tot_max_power,gpu_tot_min_power,power_total_avg,power_peak,power_total_min,energy_total,energy_dynamic,energy_leakage,energy_dram,energy_l2,energy_fields_found,gpgpusim_exit,result_status,result_pass
kernel_trace_baseline_off_bp_2,kernel_trace_baseline_off,bp_2,BP-2,M,ready,/workspace/tmp/mascar_w18_kernel_trace_raw_20260605_143305/w18_trace_raw_20260605_143014/kernel_trace_baseline_off_bp_2,0,0,completed,completed_no_explicit_pass,1,0,6911,42.2654,292096,0,0,0,0,0,0,0,0,0,0,0,0,0,0,0,0,0,0,0,0,0,0,0,0,0,0,0,0,0,0,0,0,0,0,0,0,0,0,0,0,0,0,0,0,0,0,0,0,0,0,0,1568,736,640,591,,,,,,,,,,,,,,,0,1,completed_no_explicit_pass,0
kernel_trace_baseline_off_histo_1,kernel_trace_baseline_off,histo_1,histo-1,M,ready,/workspace/tmp/mascar_w18_kernel_trace_raw_20260605_143305/w18_trace_raw_20260605_143014/kernel_trace_baseline_off_histo_1,0,0,completed,completed_explicit_pass,1,1,7096,282.4803,2004480,0,0,0,0,0,0,0,0,0,0,0,0,0,0,0,0,0,0,0,0,0,0,0,0,0,0,0,0,0,0,0,0,0,0,0,0,0,0,0,0,0,0,0,0,0,0,0,0,0,0,0,128,64,64,0,,,,,,,,,,,,,,,0,1,explicit_pass,1
kernel_trace_baseline_off_histo_3,kernel_trace_baseline_off,histo_3,histo-3,M,ready,/workspace/tmp/mascar_w18_kernel_trace_raw_20260605_143305/w18_trace_raw_20260605_143014/kernel_trace_baseline_off_histo_3,0,0,completed,completed_explicit_pass,1,1,7096,282.4803,2004480,0,0,0,0,0,0,0,0,0,0,0,0,0,0,0,0,0,0,0,0,0,0,0,0,0,0,0,0,0,0,0,0,0,0,0,0,0,0,0,0,0,0,0,0,0,0,0,0,0,0,0,128,64,64,0,,,,,,,,,,,,,,,0,1,explicit_pass,1
kernel_trace_baseline_off_kmeans_1,kernel_trace_baseline_off,kmeans_1,kmeans-1,M,ready,/workspace/tmp/mascar_w18_kernel_trace_raw_20260605_143305/w18_trace_raw_20260605_143014/kernel_trace_baseline_off_kmeans_1,0,0,completed,completed_no_explicit_pass,1,0,5592,0.9728,5440,0,0,0,0,0,0,0,0,0,0,0,0,0,0,0,0,0,0,0,0,0,0,0,0,0,0,0,0,0,0,0,0,0,0,0,0,0,0,0,0,0,0,0,0,0,0,0,0,0,0,0,48,16,32,0,,,,,,,,,,,,,,,0,1,completed_no_explicit_pass,0
kernel_trace_baseline_off_srad_1,kernel_trace_baseline_off,srad_1,srad-1,M,ready,/workspace/tmp/mascar_w18_kernel_trace_raw_20260605_143305/w18_trace_raw_20260605_143014/kernel_trace_baseline_off_srad_1,0,0,completed,completed_no_explicit_pass,1,0,8236,80.2572,660998,0,0,0,0,0,0,0,0,0,0,0,0,0,0,0,0,0,0,0,0,0,0,0,0,0,0,0,0,0,0,0,0,0,0,0,0,0,0,0,0,0,0,0,0,0,0,0,0,0,0,0,4352,144,3648,1050,,,,,,,,,,,,,,,0,1,completed_no_explicit_pass,0
kernel_trace_baseline_off_srad_2,kernel_trace_baseline_off,srad_2,srad-2,M,ready,/workspace/tmp/mascar_w18_kernel_trace_raw_20260605_143305/w18_trace_raw_20260605_143014/kernel_trace_baseline_off_srad_2,0,0,completed,completed_no_explicit_pass,1,0,8236,80.2572,660998,0,0,0,0,0,0,0,0,0,0,0,0,0,0,0,0,0,0,0,0,0,0,0,0,0,0,0,0,0,0,0,0,0,0,0,0,0,0,0,0,0,0,0,0,0,0,0,0,0,0,0,4352,144,3648,1050,,,,,,,,,,,,,,,0,1,completed_no_explicit_pass,0
kernel_trace_baseline_off_bp_1,kernel_trace_baseline_off,bp_1,BP-1,C,ready,/workspace/tmp/mascar_w18_kernel_trace_raw_20260605_143305/w18_trace_raw_20260605_143014/kernel_trace_baseline_off_bp_1,0,0,completed,completed_no_explicit_pass,1,0,6911,42.2654,292096,0,0,0,0,0,0,0,0,0,0,0,0,0,0,0,0,0,0,0,0,0,0,0,0,0,0,0,0,0,0,0,0,0,0,0,0,0,0,0,0,0,0,0,0,0,0,0,0,0,0,0,1568,736,640,591,,,,,,,,,,,,,,,0,1,completed_no_explicit_pass,0
kernel_trace_baseline_off_histo_2,kernel_trace_baseline_off,histo_2,histo-2,C,ready,/workspace/tmp/mascar_w18_kernel_trace_raw_20260605_143305/w18_trace_raw_20260605_143014/kernel_trace_baseline_off_histo_2,0,0,completed,completed_explicit_pass,1,1,7096,282.4803,2004480,0,0,0,0,0,0,0,0,0,0,0,0,0,0,0,0,0,0,0,0,0,0,0,0,0,0,0,0,0,0,0,0,0,0,0,0,0,0,0,0,0,0,0,0,0,0,0,0,0,0,0,128,64,64,0,,,,,,,,,,,,,,,0,1,explicit_pass,1
kernel_trace_baseline_off_kmeans_2,kernel_trace_baseline_off,kmeans_2,kmeans-2,C,ready,/workspace/tmp/mascar_w18_kernel_trace_raw_20260605_143305/w18_trace_raw_20260605_143014/kernel_trace_baseline_off_kmeans_2,0,0,completed,completed_no_explicit_pass,1,0,5592,0.9728,5440,0,0,0,0,0,0,0,0,0,0,0,0,0,0,0,0,0,0,0,0,0,0,0,0,0,0,0,0,0,0,0,0,0,0,0,0,0,0,0,0,0,0,0,0,0,0,0,0,0,0,0,48,16,32,0,,,,,,,,,,,,,,,0,1,completed_no_explicit_pass,0
